User Id,User Last Name
60ec61f0f300c4753353a5f9,18
60ec5e6df300c47533537ff6,3
60ec60d9f300c47533539ad6,13
60ec6274f300c4753353a7f0,21
60ec607df300c47533539a82,11
60ec6050f300c47533539a5e,10
60ec661af300c4753354213d,49
60ec6637f300c4753354352b,50
60ec640bf300c4753353fbbd,33
60ec64f8f300c47533540b70,40
635b73ee29c1cc44ce943091,63
60ec6429f300c4753353fcd0,34
60ec5e3ff300c47533537ff2,2
63562bc6b5bca77ff286cd32,61
60ec6530f300c47533540e9a,42
60ec5fe6f300c475335395d8,8
636a33c8e317a22bbf02f834,67
60ec63edf300c4753353fb50,32
60ec6601f300c47533541ef1,48
635b73ee29c1cc44ce94308e,62
60ec5faaf300c475335395d7,7
60ec64d8f300c47533540b1b,39
6352557a0990fb7f25eae16b,59
60ec6495f300c4753353ffb5,37
60ec63b2f300c4753353f943,30
60ec65c3f300c4753354185f,46
60ec61bbf300c4753353a2e8,17
60ec62f3f300c4753353e1a7,25
63636b19484b9b7356ccbf69,64
60ec5576f300c4753352de77,1
60ec5f52f300c475335394fd,5
60ec612cf300c47533539b84,15
60ec62b4f300c4753353ce19,23
635255500990fb7f25ea9c6c,58
63562b79b5bca77ff28639f1,60
60ec630cf300c4753353e1aa,26
60ec654af300c475335410e6,43
635254960990fb7f25e99c0f,56
60ec5f7bf300c47533539582,6
60ec62daf300c4753353ce1c,24
60ec610ef300c47533539b70,14
631aea6c8f53236265991064,81
6364b899484b9b7356ff89ab,65
60ec6378f300c4753353f612,28
60ec64baf300c475335408a8,38
60ec6444f300c4753353fe50,35
60ec6198f300c4753353a23a,16
60ec6513f300c47533540e42,41
60ec602ef300c47533539938,9
60ec6566f300c47533541297,44
60ec6225f300c4753353a602,19
60ec6478f300c4753353ffae,36
60ec6589f300c475335414bc,45
60ec5f20f300c475335393ba,4
60ec609ef300c47533539a86,12
60ec6290f300c4753353bac0,22
60ec63d0f300c4753353fab0,31
60ec6330f300c4753353e3df,27
63315b66381f6972683d1a17,55
60ec6391f300c4753353f63c,29
60ec624af300c4753353a6bc,20
60ec65ddf300c47533541b41,47
